"캐치회사명","회사명","이슈.유","해외.사업","상장","매출액","자산총계","compCredit","compEmployee","compSize","compWelfare","pricePor","stockPrice","stockAmount","urlNum","sentiment","compAge","compCredit2","당좌비율","매출액증가율","자기자본증가율","기업순이익률","매출액순이익률","총자본순이익률","수지비율","유보액.납입자본","적립금비율","금융비용.대.매출액","금융비용.대.총부채","순금융비용.대.매출액","유보액.대.총자산","고정비율","부채총계.대.매출액","비유동부채.대.총자산","유동부채.대.총자산","유동부채비율","자기자본비율","재고자산.대.유동자산","차입금의존도...","금융비용부담율.증가분","총자산회전율","영업자산회전율","매출채권회전율","매입채무회전율","자본금회전율","손익활동.CF.매출액","EBITDA","KED현금비율","현금비율","현금성당좌자산.유동자산","현금성당좌자산.자산","금융기관차입금.부채","금융비용.총비용","부채.유형자산","이익잉여금.유동자산","자본금순이익률","X.부채총계.이익잉여금..유형자산","총자본경상이익률"
"(주)모바일리더","모바일리더",1,"유","KOSDAQ",5.11198778835654,354,"BBB0",0,"중소기업",11,0.001667209,10691.04396,52470.64835,20,90.88235294,14,4,688.2758621,165.5069583,109.1501028,11.84950267,23.42342342,12.78059971,244.6337308,1937.195122,99.74882261,1.261261261,5.898876404,-7.027027027,89.72041796,48.50863422,21.38138138,1.86388026,8.189776899,9.105180534,89.94634284,0,1.18610562,-0.08579693,0.470206156,4.683544304,4.743589744,6.50390625,10.15243902,19.6996997,36.6,566.2068966,174.4827586,82.26452906,46.37108162,11.79775281,30.84179971,1424,108.07,237.804878,-7204,10.12616746
"(주)모바일리더","모바일리더",0,"유","KOSDAQ",4.91265488573605,348,"BBB-",99,"중소기업",11,-0.001637446,10858.68132,48438.44505,16,69.21428571,15,4,922.2222222,81.92192192,102.3547881,4.216524217,9.164222874,3.87897595,448.427673,1952.439024,99.75460123,1.686217009,10.50228311,-10.19061584,92.03794194,53.25153374,16.05571848,0.89106065,5.432595573,5.797546012,93.70508767,0,0,0.004249557,0.392066686,3.696476965,3.524547804,7.372972973,8.317073171,-2.492668622,8.8,716.9312169,170.8994709,77.73952955,38.94797356,0,36.93304536,952.173913,128.06,76.2195122,-8752.173913,-0.279286268
"(주)모바일리더","모바일리더",0,"유","KOSDAQ",4.96284463025991,341,"BBB-",78,"중소기업",11,0.002313892,11247.76596,96862.15426,11,69.8,16,4,826.446281,104.8387097,96.53374233,0.754826535,0.48951049,0.218511004,1002.515723,2003.04878,104.3851287,1.328671329,7.224334601,-8.671328671,96.33431085,44.80457579,18.39160839,0.615835777,7.096774194,7.689863362,92.28739003,0,0,-0.003575457,0.419354839,3.261117446,2.918367347,6.412556054,8.719512195,12.58741259,-2.1,623.553719,169.4214876,75.45,44.25219941,0,34.12797992,1095.833333,111.85,4.268292683,-8225,-4.245356641
"(주)모바일리더","모바일리더",0,"유","KOSDAQ",4.89783979995091,340,"A-",72,"중소기업",11,0.000276365,11825.34759,106758.2139,14,67.28571429,17,4,743.8914027,93.84615385,101.0486177,1.350557839,1.043219076,0.442547811,949.6732026,2007.317073,103.5220126,2.384500745,14.47963801,-4.023845007,96.76660788,55.25157233,16.46795827,0,6.496178718,6.949685535,93.47442681,0,0,0.010558294,0.394473839,3.124563446,3.636856369,6.71,8.182926829,-14.08345753,3.7,566.5158371,101.8099548,76.15571776,36.80188125,0,29.11931818,1473.333333,136.5,8.536585366,-13486.66667,-0.853485064
"(주)조이맥스","조이맥스",0,"유","KOSDAQ",6.24222326545517,1196,"B0",0,"중견기업",14,-0.002100292,28812.7027,140367.9243,68,70.61538462,17,4,833.3333333,186.2780594,109.2073659,13.46626845,28.4548105,14.00688863,162.7605191,2974.715909,95.95857771,1.341107872,6.583969466,-5.364431487,87.55016722,42.24706745,20.36929057,1.387959866,7.37458194,8.082844575,91.23745819,0,0,-0.097740261,0.430183946,7.101449275,4.799440299,16.65048544,14.61647727,25.15063168,229.9,651.0204082,229.478458,78.12244898,48.01003344,0,34.61873007,219.2468619,79.37,415.9090909,-1001.25523,17.29812476
"(주)조이맥스","조이맥스",0,"유","KOSDAQ",5.72031177660741,1080,"BBB-",132,"중견기업",14,0.000821851,29435.2459,218444.4809,73,60.94202899,18,4,699.3887531,59.31972789,90.78995601,-3.287045175,-13.0078637,-3.813823911,-4113.333333,2312.235294,102.7253457,0.753604194,2.587176603,-4.587155963,91.0244535,51.22640557,29.12844037,0.666913672,7.576880326,8.25678813,91.76546869,0,0,-0.005875037,0.282697295,3.452488688,4.385057471,7.517241379,7.855855856,41.93971166,-9.6,556.4792176,291.5647922,79.56650935,42.16376436,0,22.15783664,191.1827957,94.25,-102.1879022,-968.3870968,-4.937797204
"(주)조이맥스","조이맥스",0,"유","KOSDAQ",5.71373280550937,957,"B+",145,"중견기업",14,-0.003137602,21580.54054,82292.98378,43,80.11627907,19,4,792.0529801,99.11533421,75.89583123,-16.67485024,-70.31404959,-24.41179846,-427.7249451,1827.294118,103.6175023,14.18181818,20.91662604,8.760330579,81.14942529,63.65208139,67.80165289,15.10971787,6.31138976,8.032983109,78.56844305,0,0,0.13428214,0.316091954,6.123481781,10.35958904,7.100938967,7.117647059,-23.90082645,-172.7,737.5827815,494.5364238,93.1229097,46.55172414,0,7.024098636,511.4713217,70.13,-500.4705882,-325.1870324,-20.08493056
"(주)조이맥스","조이맥스",0,"유","KOSDAQ",5.75257263882563,921,"BBB-",38,"중견기업",14,-0.000137857,7665.026738,24356.19251,22,73.81818182,20,4,755.1779935,104.1652893,97.75236069,0.468608552,-5.458584576,-2.313538234,596.2962963,1795.529412,103.8231293,6.854966677,11.61915008,-10.40939384,82.86458899,61.79591837,58.99714376,13.47594744,6.710826366,8.408163265,79.81322619,0,0,-0.073268515,0.342165273,9.785714286,8.951704545,9.755417957,7.414117647,-28.34020946,16.1,678.1553398,341.5857605,89.80072852,45.50982734,0,9.573124526,461.2903226,68.46,-40.47058824,-331.5136476,-5.528280315
"(주)처음앤씨","처음앤씨",0,"무","KOSDAQ",6.50279004591562,582,"BB+",0,"중소기업",0,-0.000790825,10065.51913,59319.91803,25,90.34782609,8,4,710.1694915,101.7840805,114.254248,7.042673829,3.280898876,6.432662652,1301.764706,1128.668942,95.7036629,2.02247191,6.167199635,1.333333333,56.83107063,6.058936932,32.79400749,24.43718852,13.18095893,21.12365739,62.39903764,2.732142857,29.79893452,0.00863582,1.147104313,2.680722892,1.983655275,56.09243697,23.67021277,-5.048689139,37.8,158.8005215,133.2464146,21.75,20.93143152,14.52718136,52.39212008,9517.391304,26.02,77.65957447,3182.608696,12.21912175
"(주)처음앤씨","처음앤씨",1,"무","KOSDAQ",6.19031540585315,575,"BB0",59,"중소기업",0,-0.001852253,7729.72973,90092.29189,19,82.31578947,9,4,1293.557423,73.03370787,108.1795649,2.420051858,1.21025641,1.561053049,1719.178082,1065.68915,96.53767821,1.661538462,4.443225453,0.656410256,63.18901061,26.96028513,37.39487179,25.49121892,6.207616067,9.088594705,68.30116501,1.5771526,27.24743523,-0.003609334,0.847678665,1.506722299,1.56954282,NA,15.3785489,0.102564103,13.6,386.2745098,256.5826331,29.39045183,23.97843853,6.034009874,63.71411118,595.751634,28.94,18.61198738,151.9607843,3.175023151
"(주)처음앤씨","처음앤씨",1,"무","KOSDAQ",6.07534603108868,609,"BB0",60,"중소기업",0,0.00422397,13021.56757,427886.173,17,81.88235294,10,4,525.2947481,89.25128205,131.1354379,2.465175179,-0.942312112,-0.90318317,2061.504425,938.2978723,94.17588818,4.29786256,19.85138004,2.620087336,79.60288809,20.79207921,21.65019536,0,15.31014112,18.11298777,84.52576305,2.428827394,0,0.026363241,0.713980965,1.48828459,1.58737687,28.07096774,10.14219114,23.78763503,-1.5,194.1050375,185.6377278,36.05415091,29.71775517,0,59.59731544,321.5017065,24.91,-9.557109557,-105.4607509,1.630135477
"(주)처음앤씨","처음앤씨",0,"무","KOSDAQ",6.04973345523196,880,"BB0",63,"중소기업",0,-0.000246392,8848.342246,177030.1016,8,99.125,11,4,914.713217,97.49482877,155.0378567,1.087686317,0.683639793,0.441501104,3743.965517,737.1369295,88.98071625,1.225836869,6.380368098,1.225836869,80.75,16.54144753,19.21263555,0.147727273,9.113636364,10.04257451,90.75,1.912020324,4.977272727,-0.030720257,0.482045455,0.933025404,0.667821159,21.10447761,5.728561783,-87.22300802,2.5,88.65336658,79.42643392,9.506618532,8.079545455,53.74233129,149.5786517,275.3378378,17.11,3.916272789,-157.0945946,0.593742864
"(주)파수닷컴","파수닷컴",1,"유","KOSDAQ",5.36597601502185,314,"BBB+",0,"중소기업",13,-0.00011133,5630.189873,262669.038,44,91.39393939,14,4,434.2,105.4294176,178.041543,7.360120165,8.473782772,9.658484525,1285.064935,477.638191,80.5,0.702247191,2.032520325,0.280898876,60.57998725,40.29166667,34.5505618,7.584448693,15.93371574,20.83333333,76.48183556,0,0,-0.001368446,0.680688337,2.128550075,2.071774976,7.240677966,6.033898305,-19.47565543,31.6,200.8,99.6,46.2459696,31.99490121,0,50.89374379,958.4415584,29.11,51.1299435,137.6623377,7.257203842
"(주)파수닷컴","파수닷컴",1,"유","KOSDAQ",5.44241771052179,330,"BBB+",237,"중소기업",13,0.000604225,9465.714286,95137.19231,33,89.625,15,4,433.8297872,108.2397004,104.5833333,7.116221255,9.429065744,8.879837067,1028.502415,506.75,82.35059761,0.475778547,1.395939086,-0.432525952,61.46149181,50.15936255,34.08304498,9.642207398,14.25106125,18.7250996,76.10673135,0,6.064281383,-0.002264686,0.701030928,2.021862702,1.840764331,9.066666667,5.794486216,-2.335640138,32.3,125.7446809,75.10638298,28.98479647,17.91995149,25.38071066,58.78815911,722.9357798,37.52,54.63659148,21.10091743,6.639511202
"(주)파수닷컴","파수닷컴",0,"유","KOSDAQ",5.53338948872752,411,"BBB+",267,"중소기업",13,-0.001602028,9093.11828,46703.9086,29,96.68965517,16,4,413.4146341,109.3858131,104.1434263,2.538825118,3.361012258,3.317720531,9133.333333,522.7722772,82.32593726,0.355871886,0.602409639,0,51.42439737,66.33511859,59.0747331,22.37643048,13.9761383,21.95868401,63.64743121,0,17.89627465,-0.001199067,0.61577794,1.907959261,1.812903226,6.835135135,6.291044776,-9.687623567,19.6,120.7317073,116.2020906,29.20353982,16.87363039,13.38688086,55.18328735,996,33.38,21.14427861,468,0.195160031
"(주)파수닷컴","파수닷컴",1,"유","KOSDAQ",5.36597601502185,383,"BBB-",297,"중소기업",13,-0.001200637,6825.215054,36095.30108,21,84.04761905,17,4,293.7765205,84.77659154,51.26243305,-29.66603655,-56.62313433,-61.40617097,-381.5848214,228.7469287,72.46268657,1.725746269,1.487138264,1.35261194,24.32079415,130.5970149,116.0447761,46.52560084,18.4691745,52.76119403,35.00522466,0,38.76698015,0.013698744,0.560083595,1.713144227,1.935018051,4.228796844,5.28729963,-33.44216418,-69.8,93.06930693,89.39179632,31.68030814,17.18913271,12.05787781,34.976,2073.333333,-23.11,-299.3834772,2473.333333,-46.93980779
"SK텔레콤(주)","SK텔레콤",1,"유","KOSPI",12.0198695653616,265765,"AAA+",0,"대기업",7,0.000258681,221435.4839,177622.7097,1471,82.40243902,30,4,81.49811673,102.853778,110.2046087,8.359835376,9.694887077,11.91317677,505.4053397,34414.0681,113.0718396,3.44053897,4.602754562,2.757551025,57.80455831,151.4347873,74.74956406,23.85842842,22.83677472,42.84187552,53.30479687,3.457065788,19.8310012,-0.005138244,0.624688635,6.082907857,5.699570182,4.373714063,371.9097222,6.337108971,49231.6,31.23284376,23.04480642,36.99852833,7.132574167,2.939654922,17.0833086,121.7067241,255.74,3605.62276,-6.791865139,11.68261826
"SK텔레콤(주)","SK텔레콤",1,"유","KOSPI",12.0531428867421,279412,"AAA+",4253,"대기업",7,-0.000456556,270168.4492,167708.4225,1471,84.97590361,31,4,88.84141313,103.3836183,107.6356575,8.019369838,10.48322633,12.23410096,451.5425826,36822.75986,112.1732498,2.252822801,3.046334346,1.516738718,58.82947887,149.9061205,73.95192207,26.02838171,19.39896705,35.54704894,54.57265124,5.265829259,22.06588615,-0.011877162,0.614282192,5.712184294,5.542645672,4.68593956,384.4937276,-0.033675526,54096,27.71372855,15.39450696,29.55195105,5.376177069,4.067766699,17.95458693,120.110904,279.13,4030.734767,-14.1528431,10.93210466
"SK텔레콤(주)","SK텔레콤",1,"유","KOSPI",12.0515627345205,285814,"AAA+",4046,"대기업",7,-0.000608357,239375.6757,193568.4595,1424,85.75903614,32,4,92.96469697,99.84228434,100.8252084,6.602630947,8.845853322,9.90054003,510.8818601,38653.74104,116.5825642,2.042980195,2.650808758,1.43668016,60.37155646,152.3416005,77.07007113,27.81810122,18.39130287,34.19055424,53.79059591,5.301303815,23.86412977,-0.002098426,0.599576508,5.593018816,5.653410178,5.05615647,383.8873208,5.238047165,52806.3,30.55594132,14.62801223,31.12587787,5.619635714,2.888934823,17.46825678,127.3450863,290.83,3395.810932,-17.35893228,9.766912228
"SK텔레콤(주)","SK텔레콤",1,"유","KOSPI",12.0489391883087,312977,"AAA+",4399,"대기업",7,0.000664791,220201.6129,140396.6667,1043,89.26506024,33,4,89.02375817,99.73793133,104.8284452,6.636478034,9.71283339,10.5434872,469.5287366,40687.63441,117.079589,1.912201275,2.152855862,-1.452273661,58.03296476,156.9891099,88.82161174,27.91624038,20.58971821,39.98466162,51.49404141,4.333267185,20.70844913,-0.001307789,0.546105364,5.340935048,5.073126571,4.012032468,382.8812724,10.41995528,54008,33.21410282,23.35842088,35.69254731,6.838690177,0.937539317,19.5806577,146.3362511,266.04,3718.862007,-7.440855737,8.278107736
"삼성에스디에스(주)","삼성SDS",0,"유","KOSPI",11.2769119498194,55460,"AA+",14139,"대기업",11,-0.003036508,309134.6154,642235.1923,42,89.825,30,4,285.5497017,112.0752168,108.5142324,8.87227265,5.49865468,10.72615901,913.9656611,11185.34505,103.1691829,0.593586781,3.519466675,-0.366433478,78.03049017,55.00614615,16.86581621,3.859503611,20.15795025,26.52977442,75.98236583,1.106233756,0.07735235,-0.00066852,1.424031518,5.359402833,5.842092805,10.31374469,204.1289739,1.974992878,10045.9,147.7454672,73.05115522,51.16834517,29.78245779,0.322067236,18.55079577,117.0821321,94.49,1122.434738,-151.0161029,14.94059822
"삼성에스디에스(주)","삼성SDS",0,"유","KOSPI",11.2712996642771,63317,"AA0",13705,"대기업",11,-2.81e-05,267650.5376,130760.9032,58,89.36538462,31,4,275.4530869,99.43920737,113.3561303,8.955583264,5.982458687,10.4512689,883.4481154,12167.33006,99.37511121,0.789842948,3.989503676,-0.432420869,74.34898795,52.05082847,19.79802533,2.604522023,21.95167791,29.09678973,75.44364213,0.435337777,0.040747479,0.001962562,1.240343795,5.140338131,4.609514307,9.348132983,202.9842337,1.048709741,10094.3,140.3472167,61.64427913,50.72959387,30.80856897,0.165291382,23.48901099,126.5179748,89.71,1214.344792,-154.1735154,13.63605524
"삼성에스디에스(주)","삼성SDS",0,"유","KOSPI",11.3120569721697,68420,"AA+",12931,"대기업",11,-0.001269274,151983.871,143208.4731,23,61.90909091,32,4,336.3703159,104.1603319,110.7658813,8.955128711,6.287506769,10.217154,760.3988767,13264.35772,97.75208273,0.923328187,4.870138244,-0.623090662,75.00701549,43.34734423,18.95897284,2.974130371,19.69292605,25.46511892,77.33294358,0.356824852,27.39418299,0.001334852,1.195584624,4.572429116,4.364397375,8.493515798,211.4290514,4.509308463,10865.6,182.2620028,88.33596806,53.99157955,35.89272143,120.8539668,24.8444663,147.4276588,85.19,1329.361592,-220.9047873,13.84946519
"(주)다우인큐브","다우인큐브",0,"무","KOSPI",5.40267738187228,280,"BB+",0,"중소기업",0,-0.000618839,3002.322404,6158.054645,1,97,27,4,138.8372093,240.7809111,101.6857721,4.894727371,3.108108108,4.613841525,1231.521739,84.46969697,44.36339523,3.018018018,5.177743431,1.351351351,23.88432703,95.35809019,58.28828829,15.49446626,30.70332024,57.02917772,53.83791503,12.39911959,23.63441628,-0.020795959,0.792574081,4.620187305,4.051094891,11.50259067,2.803030303,-3.603603604,14.3,48.02325581,35.93023256,30.30080704,14.74473402,51.15919629,23.88535032,2087.096774,26.85,8.712121212,1496.774194,6.619859579
"(주)다우인큐브","다우인큐브",0,"무","KOSPI",5.41164605185504,379,"BBB+",68,"중소기업",0,0.000533301,2861.378378,4674.578378,6,75,28,4,115.2158528,100.7207207,151.5251989,13.64877161,17.26296959,20.35328236,364.5655877,122.979798,42.62582057,2.862254025,4.241219351,-2.057245081,25.67888215,81.92560175,67.48658318,2.530978118,37.25283417,61.8380744,60.24255207,15.29656608,9.754811495,-0.00155764,0.589506987,3.49375,3.054644809,4.82937365,2.823232323,19.58855098,39.3,44.72753008,39.70276008,32.88241415,16.66227261,24.51954937,33.05632502,3869.230769,36.89,48.73737374,2051.282051,13.23490641
"(주)다우인큐브","다우인큐브",0,"무","KOSPI",5.64544689764324,423,"BBB-",71,"중소기업",0,0.00060458,3928.095238,86215.78307,9,99.5,29,4,150.8196721,126.6100179,132.7789934,21.51583146,30.48392794,32.44970859,153.0462185,206.9444444,55.50428477,0,0,-33.27446132,38.75620714,80.78444298,42.21123278,2.293686451,25.96358477,36.18984838,71.74272878,6.861642295,2.955781509,-0.02862254,0.669425396,3.38433951,3.008501594,6.194748359,3.574494949,21.44118686,98.4,27.50455373,25.40983607,16.98537683,7.141168125,10.46025105,32.39583333,2597.826087,86.5,108.9646465,-745.6521739,0.564015792
"(주)다우인큐브","다우인큐브",0,"무","KOSPI",5.53338948872752,214,"BBB-",42,"중소기업",0,-0.000351689,3131.297297,75623.42162,3,82.66666667,30,4,280.9312639,89.19109855,55.30652604,-17.79940355,-24.67326733,-26.44312394,320.1348748,132.3232323,64.2431466,2.217821782,12.06896552,-23.76237624,48.92623716,52.1454112,18.37623762,0.60690943,21.0550887,26.8772348,78.33800187,0,8.450046685,0.022178218,1.178804855,4.033546326,8.118971061,22.14912281,3.188131313,-3.801980198,30.5,174.7228381,41.68514412,62.19415943,36.78804855,39.00862069,10.26919242,2017.391304,70.09,-78.66161616,-1843.478261,-14.89813243
"대신정보통신(주)","대신정보통신",0,"무","KOSDAQ",6.91473089271856,338,"BBB-",0,"중소기업",0,-0.000383959,622.1783784,623134.8703,2,95,27,4,148.5931559,107.201033,98.19133746,-1.154529307,-0.361345316,-1.873198847,-28573.68421,7.391983342,6.883179835,0,0,-0.129713703,4.203670811,49.0063015,12.18382285,0,38.92835998,63.74212312,61.07164002,17.41335587,0,0,3.19508585,8.728669632,10.46847721,10.6021611,5.618427902,2.084684518,4.8,67.30038023,56.50190114,37.40490279,26.19893428,0,9.592943122,153.2634033,3.59,-2.030192608,143.3566434,-3.746397695
"대신정보통신(주)","대신정보통신",0,"무","KOSDAQ",6.98378996525813,338,"BBB0",279,"중소기업",0,0.001971587,668.9565217,309936.5761,12,67.33333333,28,4,134.4235925,130.7328824,105.6713524,3.179307558,0.82919915,5.514965826,8393.413174,13.48256117,11.88073394,0.007087172,0.053619303,-0.120481928,6.402966625,52.47706422,13.21757619,0,46.10630408,85.55045872,53.89369592,13.58152361,0,7.09e-05,3.488257108,12.18480138,10.98054475,10.74638233,7.345132743,2.303330971,25.7,64.28954424,57.26541555,41.33057566,29.64153276,0,9.307312889,217.6196033,6.96,6.090577824,194.0490082,5.939193967
"대신정보통신(주)","대신정보통신",0,"무","KOSDAQ",7.25205395185281,404,"A+",332,"중소기업",0,0.001606786,975.3081081,2027611.108,14,77.64285714,29,4,140.8830022,106.5698086,103.6238532,3.187158311,0.911085988,6.172561388,9109.756098,14.5757418,14.96237273,0,0,-0.093103678,6.151142355,45.90526782,15.24905234,0.615114236,49.75834798,100.2656042,49.62653779,9.243458476,0,-7.09e-05,3.303383128,11.22164179,10.77921147,8.524376417,7.827693909,4.103212077,26.7,78.41059603,71.83222958,50.51194539,39.01581722,0,9.434088776,283.0864198,7.99,7.131702238,248.3950617,6.758278892
"대신정보통신(주)","대신정보통신",0,"무","KOSDAQ",7.31588350450979,455,"A0",NA,"중소기업",0,0.002339583,2282.219251,5238616.406,17,81.29411765,30,4,124.7443763,106.6901643,104.8251439,3.336703741,1.028485944,7.132051005,5052.531646,20.19781364,18.83445946,0,0,-0.105965218,7.26863994,53.29391892,18.50651374,0.674409891,54.96440614,123.902027,44.36118396,10.18404908,0,0,3.005432746,11.1101108,10.7454789,9.515421115,8.35137949,-0.174530948,30.7,54.53306067,52.65848671,39.26380368,29.97377295,0,9.488179074,379.1826309,9.55,8.589276419,329.5019157,9.120380376
"(주)엔지스테크널러지","엔지스테크널러지",1,"유","KOSDAQ",3.61091791264422,123,"BBB-",36,"중소기업",0,-0.001177678,22514.0625,206592.7188,18,85.55555556,19,4,233.6879433,58.13586098,202.8199566,3.263640999,7.608695652,4.011461318,724.4897959,499.3589744,83.31550802,1.086956522,1.360544218,-0.815217391,63.38486574,60.96256684,79.89130435,0.895036615,22.94548413,30.16042781,76.07811229,0,16.273393,0.006130229,0.299430431,5.257142857,7.215686275,10.22222222,2.555555556,-143.4782609,4.9,207.8014184,88.65248227,88.92261002,47.6810415,68.02721088,15.65217391,102.7972028,37.63,19.44444444,16.08391608,4.441260745
"(주)민앤지","민앤지",0,"무","KOSDAQ",5.5834963087817,508,"A0",50,"중소기업",0,-0.001969891,36964.28571,161301.127,99,87.40217391,7,4,1109.487179,150.5656109,429.5787546,25.49927641,32.94515402,30.3302784,162.4226348,1612.237762,98.29460669,0.15026296,1.025641026,-1.502629602,90.74985239,16.07333191,14.65063862,0,7.675654399,8.313792368,92.3243456,0,0,-0.029605968,0.523912616,7.616595136,6.492682927,12.49765258,10.95473251,4.357625845,109.2,1002.051282,757.1794872,90.31661659,76.91399331,0,27.52912324,639.3442623,44.6,360.9053498,-2524.590164,35.9329068
"(주)민앤지","민앤지",1,"무","KOSDAQ",6.00881318544259,1608,"A0",72,"중소기업",0,-5.95e-05,30705.67568,52416.74595,40,89.71052632,8,4,195.1746032,152.8549962,249.8401194,10.85168731,28.1641681,13.96624215,198.7749839,2343.026706,69.06143345,0.049152126,0.045903144,-1.056770705,49.1136406,84.71843003,107.0779061,7.501399515,19.59320769,26.87713311,72.89917273,0,3.172233626,-0.001011108,0.253094483,5.70287316,4.000983284,1.696830692,13.06260032,-45.90808552,151.1,162.0952381,107.5238095,83.05139883,31.75965665,11.70530181,37.16502116,516.8446026,46.15,367.8972713,180.3084223,16.76924014
"(주)핸디소프트","핸디소프트",0,"무","KOSDAQ",6.48157712927643,480,"BB+",0,"중소기업",0,0,0,0,2,100,5,4,162.5474255,113.8893736,99.16855631,-2.267255217,-1.853837904,-4.592030361,-4790.714286,921.0116732,90.24390244,0.122567795,0.366972477,-0.628159951,49.27144047,63.87195122,33.39972422,6.973355537,38.40549542,70.3125,54.62114904,4.124040921,2.081598668,-0.000868197,1.35865945,4.411625549,5.091263651,3.825908558,25.74753452,-10.81660794,-16.7,90.56910569,68.18428184,53.42071611,34.78351374,4.587155963,18.91134386,1744,9.05,-47.73175542,1517.6,-9.146110057
"(주)핸디소프트","핸디소프트",0,"무","KOSDAQ",6.0913098820777,343,"BB-",194,"중소기업",0,0,0,0,4,86.75,6,4,185.0902184,67.68806496,78.20121951,-9.963547995,-12.92440018,-24.4225834,-1001.547389,698.4435798,87.52436647,3.644182888,11.71761281,3.033046627,52.39346176,60.57504873,31.10004527,9.369527145,30.73555166,51.31578947,59.89492119,10.71919377,2.918855809,0.035216151,1.289550496,3.798796217,4.231800766,5.664102564,17.19066148,-10.90991399,-65.2,72.17473884,67.23646724,34.81447549,22.18330414,7.278020378,20.26397516,1461.702128,-13.24,-222.1789883,1769.148936,-24.465355
"(주)핸디소프트","핸디소프트",0,"무","KOSDAQ",6.03068526026126,378,"BBB-",187,"중소기업",0,0.006958595,7949.313187,179.0714286,13,92.30769231,7,4,178.2178218,94.04708013,110.331384,15.42302358,9.626955475,18.53568119,502.1556886,717.2161172,86.48409894,3.754512635,10.26315789,3.249097473,51.74418605,58.92226148,36.58243081,10.80866808,29.36046512,49.07243816,59.83086681,19.15067374,2.959830867,0.001103297,1.098044397,4.797921478,6.039244186,7.018581081,15.67924528,12.41877256,55.3,110.3510351,110.3510351,50.06124949,32.39957717,7.368421053,16.93488487,5428.571429,-6.98,150.9433962,6039.285714,24.69879518
"(주)핸디소프트","핸디소프트",1,"무","KOSDAQ",5.91079664404053,517,"BBB-",163,"중소기업",0,0.004210201,8585.483871,197364.9892,42,87.21428571,8,4,291.3003663,88.73646209,159.540636,3.528360875,4.149715216,5.207624234,1431.2,856.8364611,88.48283499,0.135611608,0.320512821,-0.189856252,61.79427688,43.21705426,42.31082181,9.048723898,21.1136891,30.23255814,69.83758701,11.90805871,2.165506574,-0.03618901,0.71287703,4.389285714,3.716733871,6.302564103,11.41486068,-4.448060754,22.1,195.3296703,195.3296703,59.06950983,41.2412993,7.179487179,28.45366686,5379.310345,3.54,47.36842105,4937.931034,6.501021103
"(주)한글과컴퓨터","한글과컴퓨터",0,"유","KOSDAQ",6.52941883826223,1530,"AA0",0,"중소기업",13,0.001913936,18017.11957,153109.4783,93,91.64634146,24,4,1044.08284,104.4505411,111.6084251,13.07956104,27.82722895,14.3799721,207.0342205,1035.57377,94.27407249,0,0,-3.122719977,82.5751634,33.69075702,19.13030789,1.934640523,6.62745098,7.248552434,91.43137255,0,0,0,0.447908497,1.726196474,1.84567735,8.831185567,5.617213115,2.01371662,254.6,672.1893491,107.495069,64.38084443,44.54901961,0,77.10939051,420.1923077,68.15,156.3114754,-1892.307692,15.26976586
"(주)한글과컴퓨터","한글과컴퓨터",0,"유","KOSDAQ",6.63068338564237,1731,"AA+",362,"중소기업",13,-0.000935075,23482.88043,198916.8152,132,86.88636364,25,4,550.7086614,110.6668612,107.0269497,12.30297455,26.45042194,13.85311281,194.811656,1165.163934,97.92278921,0,0,-2.228375527,82.12016176,68.90195031,30.82805907,6.169844021,7.336799538,8.482500668,86.49335644,0,0,0,0.43812825,2.625129803,3.672639225,8.737327189,6.216393443,17.97204641,311.9,375.8267717,114.015748,68.24420932,27.57365685,0,42.32216786,350,123.99,164.4262295,-948.2035928,16.32540313
"(주)한글과컴퓨터","한글과컴퓨터",0,"유","KOSDAQ",6.74405918631135,2141,"AA-",371,"중소기업",13,0.001835057,21000.79787,259802.5851,100,93.10989011,26,4,366.8306011,111.9989451,118.888592,12.14750542,27.537085,14.27438057,185.9719978,1210.491803,86.19101124,0.153049211,0.35971223,-5.509771603,68.96422901,82.54494382,42.54768072,8.330998412,8.545811152,10.28089888,83.12319044,0.119029906,0,0.001530492,0.396656393,3.97659176,3.848663344,7.69384058,6.962295082,28.39651519,363,235.5191257,118.6885246,64.127362,20.12701971,0,37.75411423,1003.888889,156.05,191.7213115,-1909.444444,15.00671305
"(주)한글과컴퓨터","한글과컴퓨터",0,"유","KOSDAQ",6.91968384984741,2286,"A0",393,"중소기업",13,-0.000970848,18621.50538,92358.55376,56,91.62745098,27,4,281.5277268,119.1900165,104.5842697,9.119653101,15.11260371,8.402899824,283.1474224,1246.147541,86.33970778,4.830106677,11.51129944,3.407743975,66.49317705,81.55887409,41.95969972,6.66550035,11.90955213,14.62720241,81.42057383,0.195287072,0.629811057,0.046770575,0.442792162,4.042323817,3.613133476,8.601529312,8.298360656,10.82576057,335.2,170.0330518,101.6525891,60.27860956,20.25017495,3.389830508,35.63072228,1264.285714,145.25,125.4098361,-2056.25,15.72934974
"(주)LG유플러스","LG유플러스",1,"유","KOSPI",11.6082174627911,120127,"AA0",7111,"대기업",9,0.001215258,10961.08696,2056350.679,1018,76.35443038,19,4,63.51221863,96.06586727,103.8579334,4.225879666,2.070213812,5.553855103,1570.515075,59.67202415,38.33180542,2.499129532,3.508682362,2.137396669,12.78601076,227.937843,71.22700987,36.20505367,29.0165542,83.43270757,34.77839213,11.08621001,31.65110808,0.002658256,0.915686451,6.544829802,6.735015889,4.95809444,4.273488036,-2.653404644,19962.3,13.14127023,11.93289076,18.39709219,3.8131438,20.90914312,13.58469208,108.001202,30.7,8.847033959,97.46443887,13.51782772
"(주)LG유플러스","LG유플러스",1,"유","KOSPI",11.5894419628672,119510,"AA0",7627,"대기업",9,0.000900836,10745.13514,1608365.951,1147,85.06024096,20,4,66.61359808,98.13988034,106.4768383,4.80494215,3.253569635,8.143321343,1314.554373,70.21837861,42.10255373,2.079531496,2.992162717,1.69917797,15.12342063,210.2292959,69.49927838,34.7120743,28.06585223,75.40126787,37.22198979,14.03684267,30.51083591,-0.00419598,0.903290101,6.450703468,6.299143404,4.760636797,4.193996045,2.61430522,22254.8,9.829912198,8.710105392,12.68525216,2.758848632,16.69341295,14.85336589,103.8587457,39.85,13.64545818,89.51957751,15.08472435
"(주)LG유플러스","LG유플러스",1,"유","KOSPI",11.6484174344074,119891,"AA0",8446,"대기업",9,0.002042556,11941.44385,1272552.529,866,86.28571429,21,4,65.96733988,106.0751888,108.4958637,5.412921907,4.303011514,10.62543061,1196.473252,83.21192555,46.63999354,1.355246899,2.166613847,1.047065553,17.86494755,194.1344666,62.55138175,29.93047029,29.81361434,74.06020724,40.25591536,9.987211544,24.53107484,-0.007242846,0.955120142,6.420945503,6.179668865,4.861595221,4.448789224,6.396094681,24043.7,10.47059778,8.876479623,14.28718673,3.121663642,10.8365595,15.78859902,103.0679552,53.98,19.14319126,82.72025072,16.43066698
"(주)비트컴퓨터","비트컴퓨터",0,"유","KOSDAQ",5.86929691313377,548,"BBB-",0,"중소기업",0,-0.001554887,4350.486486,380498.6811,11,78.7,29,4,157.073844,107.7720207,98.97723524,0.349200515,-1.300904977,-1.525451832,7094.230769,277.1359807,76.76666667,1.838235294,2.624142107,0.791855204,42.04856673,106.1,70.05090498,18.76939931,26.4560891,48.3,54.77451159,0.784655623,16.43235348,-0.019411003,0.64560891,2.961474037,2.779874214,3.611848825,4.25511432,5.175339367,3.6,64.32022084,24.22360248,40.6277245,17.01661494,36.33427533,33.20495186,164.5847176,44.2,-5.535499398,97.20930233,1.193831869
"(주)비트컴퓨터","비트컴퓨터",0,"유","KOSDAQ",5.84932477994686,514,"BBB0",144,"중소기업",0,0.000967638,4861.108108,536712.2486,19,92.94444444,30,4,179.9653079,98.02036199,104.1666667,4.670433145,3.808424697,4.310204082,908.3969466,292.2984356,77.728,3.346797461,5.751115518,1.702250433,47.22924363,98.112,58.19388344,16.79953335,22.4188217,36.896,60.76220105,0.048169557,14.03849893,0.015085622,0.673925724,3.15377616,3.742980562,5.219879518,4.17087846,11.30986728,21.7,98.69904597,49.34952298,54.81695568,22.12716313,35.79573624,26.23285673,137.2108844,54.91,15.88447653,59.65986395,7.085714286
"(주)비트컴퓨터","비트컴퓨터",0,"유","KOSDAQ",5.92157841964382,500,"BBB+",125,"중소기업",0,0.001903827,7244.677419,739529.3495,26,90,31,4,241.3612565,107.6457011,114.944,9.797930015,12.40954168,13.78591633,466.8027211,347.2924188,80.34521158,0.911283838,2.409638554,0.134012329,57.69692123,87.77839644,37.81827928,12.91483407,15.27389044,21.26948775,71.81127549,0.270416441,8.87644942,-0.024355136,0.745901639,5.292198582,7.708677686,10.08378378,4.48977136,5.253283302,63.9,176.0471204,73.16753927,72.74202271,26.8892443,31.46704465,14.20316302,79.80769231,86.37,55.71600481,-10.52036199,15.39377698
"(주)비트컴퓨터","비트컴퓨터",1,"유","KOSDAQ",5.87211778947542,523,"A0",131,"중소기업",0,-0.001701332,7439.05914,398020,15,89,32,4,268.3068017,95.22916108,114.532294,10.96988659,15.19842387,14.01505321,355.5433589,412.1540313,83.25230919,0.591049817,1.890189019,-0.365887982,65.53769613,81.93971804,31.26934985,8.055874474,13.22234979,16.7963053,78.72177574,0.053908356,5.109070034,-0.00320234,0.679869881,7.543524416,7.757641921,10.09375,4.2755716,5.9386434,73.4,191.6063676,75.54269175,71.37466307,25.33486414,24.03240324,14.18808981,72.00259235,115.15,64.98194946,-66.42903435,15.67609655
"(주)카카오","카카오",1,"유","KOSDAQ",8.51499076786104,27680,"AA-",2255,"중견기업",10,-0.001754047,132890.1099,655764.011,2990,73.45121951,20,4,350.0241769,236.6733087,1389.614126,10.04616075,30.03247404,11.34789376,201.5668151,8412.259615,99.44869135,0.026059415,0.042650919,-1.304975344,88.49827675,79.96533007,61.09930642,2.792971149,8.218509982,9.235434775,88.98888014,0.253040875,0.010838072,0.000260594,0.180222686,5.521111173,3.80373618,3.248844025,19.9066241,78.76558554,1859.3,281.5420458,198.3515759,80.23149482,23.13856114,0.098425197,40.80945347,154.8072528,23.89,597.8451716,57.96129819,12.49237831
"(주)카카오","카카오",1,"유","KOSDAQ",9.14013247693269,31885,"AA-",2474,"중견기업",10,-0.001381653,98247.51381,328948.2431,2391,82.65591398,21,4,305.2138699,186.8560318,104.9625898,2.768740032,8.449283914,3.120011092,532.9995925,8368.438538,97.87388753,0.396931824,0.613598673,-2.810706431,79.00002509,85.80296813,64.68915947,8.998645122,9.913187475,12.22524338,81.08785377,0.551506592,6.380156062,0.003708724,0.292349333,6.699608294,6.335984231,7.866244726,31.48091861,-27.03642118,1748.2,245.8649709,125.6580613,80.11071366,24.3730555,0.671641791,17.81401789,275.2796165,26.42,265.9912192,158.2698014,3.478519223
"(주)카카오","카카오",0,"유","KOSDAQ",9.59164939020659,54841,"AA-",2697,"중견기업",10,-0.000264251,83040.64171,326531.5294,1969,79.81176471,22,4,149.4255726,157.0809419,143.2211551,2.062587921,4.470609126,2.08192532,841.056957,10034.31778,92.06090296,1.63772085,1.34630608,-0.047123744,61.95378657,115.2370819,121.6455065,17.78133958,14.69734433,21.76702836,67.52113375,1.032079937,18.15879302,0.01240789,0.266994522,7.320783961,5.789758798,4.530414604,45.78580363,-46.62860343,2188.9,109.9997519,79.60596511,72.8553116,16.1670423,11.25496163,17.8919767,701.6623991,24.98,204.6904315,581.9263344,3.498181575
"(주)엔씨소프트","엔씨소프트",0,"유","KOSPI",8.93155196669452,14795,"AA0",0,"중견기업",5,0.002683888,183293.0108,196775.3172,415,90.72289157,17,4,311.5227318,100.4167109,113.541585,11.37339746,20.97375307,14.56417598,249.0046061,11183.75912,106.8124547,0.042291122,0.099763063,-2.174027965,82.84713961,59.89333425,42.39156292,4.657591651,17.02241267,21.73444026,78.31999567,0.118395926,0.231831945,-0.00073167,0.511422624,8.534401083,8.417621537,7.741559239,69.06983113,2.980202469,2352.5,269.2435974,48.96962478,86.32590707,45.83175625,1.069335329,18.36221015,129.1772381,129.44,1448.653583,-280.3068745,17.94321164
"(주)엔씨소프트","엔씨소프트",0,"유","KOSPI",9.03443816698441,16988,"AAA+",2203,"중견기업",5,-0.000671485,167915.7609,226153.788,478,86.74736842,18,4,415.1921431,110.8450295,118.7122441,14.31875029,27.12705074,17.95489968,199.1018701,13181.11314,105.8905633,0.003576879,0.009281317,-2.111550935,85.03793787,49.38099288,38.53848722,4.582565648,14.4446472,17.83889095,80.97278715,0.069638566,0,-0.000387142,0.493704491,8.926351639,8.55574824,8.669836676,76.52554745,10.49814002,3083.7,365.9114063,82.62765394,88.06924624,52.8546117,0,19.39911233,134.2094336,121.06,2075.912409,-378.2718817,21.54872058
"(주)엔씨소프트","엔씨소프트",0,"유","KOSPI",9.03396112463786,22192,"AA-",2300,"중견기업",5,0.002190246,215127.027,197334.8054,672,78.48979592,19,4,320.5783018,99.94992369,130.0489245,8.533880547,19.84373136,10.51340957,252.3051456,15537.22628,99.026239,0.099009901,0.192906615,-2.392938089,76.73395818,63.52476886,51.3253012,4.178082192,15.20998558,18.86815656,80.61193223,0.063725445,0,0.00095433,0.377748738,8.521907085,8.492553946,8.835370995,76.48722628,-32.86532268,2541.1,282.3813474,73.4994371,88.02885193,42.95016222,0,17.65621595,184.0133436,122.87,1517.791971,-384.9499615,13.99386323
"(주)엔씨소프트","엔씨소프트",0,"유","KOSPI",9.19380440333608,23608,"AA-",2731,"중견기업",5,0.001851202,272048.1283,150503.7807,500,76.90625,20,4,418.8212125,117.3279256,105.957159,12.46593886,27.591606,14.73109962,187.8780605,17476.82482,104.2210276,1.432551141,3.028153879,-1.082801253,81.13605557,61.68102516,47.30773923,7.664351067,12.04506947,15.00176733,80.29100305,0.056225506,6.339376483,0.013335412,0.416621484,7.414979833,5.904430304,8.25757703,89.74087591,-2.708528204,3599,346.1422141,50.93191729,82.60030379,41.69307015,0,26.28400968,207.1221901,129.56,2476.094891,-480.0934787,17.80835674
"세종텔레콤(주)","세종텔레콤",0,"무","KOSDAQ",7.18387071506245,1225,"BB0",0,"중견기업",3,-0.000723992,326.9677419,1200428.909,1,100,22,4,125.5978444,56.56782389,72.10583348,-16.2589688,-22.84175391,-31.59662102,-798.9690722,-21.66533546,-27.17595492,4.3620088,13.49131863,3.648915187,-17.71717831,106.0237946,32.33196783,10.5568256,24.24069236,37.18221666,65.19431744,1.37529754,0.538863488,0.01963176,1.076257348,3.991521575,4.55179558,7.628472222,1.316094249,17.1294189,-189.1,13.33782418,8.01616706,10.47341973,3.233180927,1.548568747,17.6685103,79.94747702,-101.72,-30.06190096,152.09154,-26.32876856
"세종텔레콤(주)","세종텔레콤",0,"무","KOSDAQ",7.028201432058,1079,"BB0",220,"중견기업",3,9.8e-05,382.7081081,1883651.103,9,88.22222222,23,4,285.3020134,85.5560613,100,2.135231317,1.250221671,1.765810895,2306.2249,-20.68690096,-25.94865373,0.931016138,3.737985048,0.195070048,-19.19584955,81.61552912,24.90689839,12.22901612,13.80396517,18.65998748,73.97628312,0.607902736,0,-0.034309927,1.044839726,4.480731029,5.275023386,10.04274265,1.125998403,7.261925873,77.2,113.4228188,30.20134228,39.51367781,15.6568464,0,19.30179388,101.7753623,-87.63,1.407747604,237.5724638,2.154038823
"세종텔레콤(주)","세종텔레콤",0,"무","KOSDAQ",7.36391350140582,1601,"BB+",286,"중견기업",3,0.008707844,1504.380435,29459305.6,64,79.23728814,24,4,49.39104916,139.9450257,94.27676894,-2.178698004,-3.098270291,-6.304389867,-11303.40136,-25.27955272,-33.63443146,1.24817842,2.322291642,1.153139454,-15.81412779,166.2991498,53.74770322,10.41783774,42.56448692,90.52869288,47.01767535,3.608247423,14.35887827,0.003171623,0.98575979,6.765109301,6.243275316,7.987348178,1.575778754,3.871253881,119.4,10.22743947,1.570066031,19.95990836,4.353257136,27.10126135,15.39679639,101.4712919,-120.5,-4.882188498,151.8062201,-3.98375556
"세종텔레콤(주)","세종텔레콤",1,"무","KOSDAQ",7.51806418123308,2300,"BB+",271,"중견기업",3,-0.00114776,1024.673797,7975825.663,40,91.82857143,25,4,152.0587036,116.6508268,199.5085016,-0.164077321,-0.961381783,-1.570053666,11976.58228,-0.932338839,-0.932152607,0.787572647,1.817953862,0.097767639,-0.608828006,102.6100273,43.32192711,13.35072842,21.33507284,32.66529063,65.31419874,1.635021097,7.566862361,-0.004606058,0.800652316,7.188988676,7.097532768,7.092064715,1.470997124,-23.25240345,144.4,94.88381574,36.77130045,61.37921941,20.2435312,0,14.00649731,73.83817812,-57.9,-1.414189837,114.4880578,-1.410387191
"나이스정보통신(주)","나이스정보통신",0,"유","KOSDAQ",7.60439634879634,1887,"A+",0,"중견기업",15,0.004712359,9997.5,108744.5326,16,96.46666667,26,4,119.6309491,112.6923509,139.4402036,11.87104372,9.613276189,29.28495521,525.1784734,1234.8,82.97705944,0.433569222,0.777202073,0.074753314,32.72727273,72.18456726,55.78590651,1.309302942,58.02809435,142.6876955,40.66790353,1.740696279,6.891068116,0.004335692,1.063662868,3.514801191,3.101870459,8.12388664,40.132,13.81441244,386.6,49.87667854,40.94272403,40.96638655,28.94248609,11.6133643,35.37504094,584.8484848,43.7,385.8,280.5120167,40.54956733
"나이스정보통신(주)","나이스정보통신",1,"유","KOSDAQ",7.72090525193678,2461,"AA-",175,"중견기업",15,0.00281052,22596.46739,71918.76087,29,87.44,27,4,131.5005727,112.3891159,124.8175182,13.99917192,13.29372118,34.76345083,370.182068,1777,95.09189641,0.199538844,0.299341449,-0.549840369,36.10467715,48.41269841,66.65927634,0.776138811,60.30720468,154.981203,38.91259295,2.283196475,4.063553984,-0.002340304,0.916412695,3.078351078,2.755957473,7.773871079,45.104,20.08247606,508.5,65.57509602,57.39505424,48.72821951,39.54650738,6.652032196,40.039648,694.0443213,42.89,599.6,298.6149584,43.25139147
"나이스정보통신(주)","나이스정보통신",1,"유","KOSDAQ",7.87815533650332,2912,"A-",210,"중견기업",15,0.001679062,37106.61376,82201.85185,6,71.16666667,28,4,120.4575557,117.0095779,129.6992481,11.44324908,11.6492345,27.95053646,511.4115393,2343.6,96.20772947,0,0,-0.432014552,40.24453069,69.87922705,63.27497347,0.302228938,57.04571213,133.7359098,42.65549335,2.103924063,8.586049387,-0.001995388,0.906274685,2.844300728,2.544157347,12.06584362,52.776,-14.33985145,559.7,47.3871162,36.20108368,38.51159605,27.03231789,14.9727496,45.02936604,629.1258478,55.82,614.8,199.2840995,35.23367885
"나이스정보통신(주)","나이스정보통신",0,"유","KOSDAQ",8.06180227453835,3769,"A-",154,"중견기업",15,0.000361218,35036.82796,22431.87097,6,71.16666667,29,4,123.4756234,120.1568895,122.1819646,9.244125131,9.559403286,21.96774778,656.3150747,2882.6,96.87644152,0.179771028,0.253130829,-0.28700287,38.2378691,62.69522241,71.01901788,0.262648237,59.47788714,147.7364086,40.25946462,1.76372476,5.836627491,0.00179771,0.841190672,2.71324662,2.439,7.488663203,63.414,12.71328098,603.7,54.13711584,42.43275793,43.0710813,32.19961266,9.769961808,46.77835976,899.2811502,50.25,606.2,333.7859425,29.19369451
"(주)팍스넷","팍스넷",0,"무","KOSDAQ",5.37989735354046,275,"BB-",0,"중소기업",0,0,0,0,18,77.5,15,4,334.4135802,63.25934579,92.98245614,-5.089921955,-6.925207756,-6.993006993,1950.892857,328.8461538,74.45573295,0,0,-2.585410896,55.88235294,28.39864538,31.71745152,1.416122004,23.52941176,31.34978229,75.05446623,0,0,0,0.786492375,5.013888889,7.268456376,7.520833333,4.628205128,24.14589104,13.8,277.3148148,189.9691358,82.92570374,65.25054466,0,17.08889912,426.7080745,34.47,-32.05128205,-37.26708075,-0.093240093
"(주)팍스넷","팍스넷",0,"무","KOSDAQ",5.32787616878958,298,"AA-",80,"중소기업",0,0,0,0,1,50,17,4,459.3406593,110.4613734,117.5898931,12.94117647,17.62991744,16.21259491,349.7991968,493.9172749,83.88429752,0,0,-1.991257892,68.05229635,19.62809917,27.39193783,0.569896078,18.30372109,22.56198347,81.12638284,0,0,0,0.69024472,8.090373281,7.174216028,11.69886364,5.00973236,4.322486644,49,388.6446886,231.6849817,84.6092504,71.13643983,0,17.36237145,1281.818182,53.19,88.32116788,-1750,18.35640911
"(주)팍스넷","팍스넷",0,"무","KOSDAQ",5.40267738187228,475,"AA-",94,"중소기업",0,-0.003168539,7288.5,1160829.27,21,66.38095238,18,4,788.9748549,108.0135988,174.0909091,9.288486417,16.14208633,10.82466456,398.757764,664.6209386,87.39615476,0,0,-2.428057554,77.56477775,15.85568479,24.01079137,0.358120918,10.89108911,12.27154047,88.75078997,0,0,0,0.468506425,8.488549618,9.383966245,13.98742138,4.609326425,-23.29136691,44.2,721.8568665,422.6305609,91.49301299,78.61807457,0,15.30612245,1443.243243,41.46,74.40414508,-3127.027027,11.09603498
"(주)누리텔레콤","누리텔레콤",1,"유","KOSDAQ",5.96357934361845,633,"BBB+",92,"중소기업",0,-0.000170901,5354.621622,147217.0486,22,81.84210526,21,4,109.6578605,103.7383178,103.6755054,3.870043,3.783783784,3.789636504,656.5420561,630.0165837,96.20157002,2.471042471,4.026845638,0.36036036,59.98736776,89.59230185,61.36422136,1.184272856,36.45981367,58.47049886,62.35591347,9.442060086,8.210958471,0.002814564,0.61345334,3.770014556,3.924242424,6.629692833,6.44278607,-0.231660232,38.9,62.27804244,59.41966219,51.43061516,22.70645823,21.81208054,23.53658537,110.2172908,3.54,24.37810945,105.6403144,4.64037123
"(주)누리텔레콤","누리텔레콤",1,"유","KOSDAQ",6.36990098282823,688,"BB+",103,"중소기업",0,0.000399008,11957.94595,322352.2595,35,82.54285714,22,4,151.0997442,150.3732304,122.6639656,7.479182438,7.565902088,10.05345161,796.6292135,742.7860697,92.46490504,0.890106128,2.55779636,0.890106128,65.13014396,72.39884393,34.79972612,1.134215501,28.42809365,40.35920727,70.43769085,12.34421365,16.30071252,-0.015809363,0.849498328,3.626319056,2.617383513,8.405755396,9.688225539,-11.67408422,69.3,32.83887468,29.10485934,19.0504451,9.335466046,55.14018692,38.91467333,100.843254,16.11,73.30016584,73.90873016,11.19071989
"(주)누리텔레콤","누리텔레콤",1,"유","KOSDAQ",6.24027584517077,815,"BB+",175,"중소기업",0,-0.000240012,9953.529412,126043.7005,15,92.73333333,23,4,153.3410138,87.84662787,113.5218827,8.63778532,12.64614186,12.54955042,564.4578313,850.4145937,93.25331879,0,0,-0.155884645,62.9202454,69.15802873,51.67575994,0.588957055,31.95092025,47.35406438,67.47239264,8.164673413,17.0797546,-0.008901061,0.629693252,2.642636457,3.10653753,4.330801688,8.510779436,16.62120031,79.4,85.13824885,72.96466974,50.98896044,27.20245399,52.48868778,34.50897571,126.345879,27.41,107.628524,69.55693187,12.00812143
"(주)큐로컴","큐로컴",0,"무","KOSDAQ",5.40267738187228,620,"B+",0,"중소기업",0,-0.003807255,1552.76087,813283.625,10,53.66666667,17,4,291.1581569,121.8630137,124.8728506,-7.690489323,-28.32733813,-13.57027464,-978.9473684,23.59009629,19.95733126,6.384892086,13.56255969,-0.71942446,16.58874738,70.32583398,47.07733813,3.933580526,12.94534902,15.57408844,83.12107045,9.274350019,0,-0.00574012,0.358536192,3.682119205,3.808219178,8.298507463,0.540527403,3.417266187,-62.5,203.362391,27.89539228,63.36825766,26.3259713,0,17.64900662,2829.72973,-360.15,-15.31170252,27913.51351,-12.49326871
"(주)큐로컴","큐로컴",0,"무","KOSDAQ",5.36129216570943,614,"BB+",36,"중소기업",0,0.000106461,1197.113514,1564938.946,12,82,18,4,259.3380615,95.99820144,97.34290147,-9.251458198,-29.22716628,-12.26535627,-722.6277372,16.65910123,14.62442718,2.482435597,4.719501336,-3.18501171,11.95245074,72.54433154,52.59953162,4.494382022,13.77625794,16.8559474,81.72936004,12.24,1.791239212,-0.039024565,0.347663247,3.772084806,3.895985401,4.819413093,0.486998175,-13.1147541,-69,189.5981087,3.6643026,64.16,26.11952451,9.795191451,19.47206034,4319.230769,-386.04,-14.23357664,41438.46154,-10.65356265
"(주)큐로컴","큐로컴",0,"무","KOSDAQ",5.41164605185504,919,"BB+",36,"중소기업",0,0.002341131,1594.232804,2268798.757,10,90.8,19,4,87.68844221,105.058548,161.2472604,35.51901873,118.4574231,40.52776083,49.29833251,85.58382257,48.63462251,2.897904592,5.952380952,-1.382077575,42.84781189,99.75287285,48.68479715,3.233180927,8.665360331,9.835660447,88.10145874,37.28661276,4.027868496,0.00415469,0.24417592,6.665676077,17.944,6.922839506,0.498167685,-4.636647347,264.8,69.34673367,12.31155779,49.59568733,6.00914435,33.88278388,4.553235193,6066.666667,-603.41,59.01166019,43377.77778,39.55155583
"(주)큐로컴","큐로컴",0,"무","KOSDAQ",5.24702407216049,1105,"BB-",38,"중소기업",0,0.003175042,3214.090909,4838697.406,37,92.47222222,20,4,163.4321068,84.66339724,92.8456691,-21.51930015,-121.7482886,-29.62773115,-248.8422186,45.02257579,27.86797977,7.109004739,3.822197055,3.528172722,18.9553725,78.99920149,185.9926277,4.182130895,27.79940255,40.8703753,68.01846655,1.800039131,1.538879334,0.042111001,0.171901874,9.196125908,6.59375,4.426573427,0.410594595,39.07319642,-217.9,153.858678,148.7463367,92.44766191,42.77179325,4.813137033,6.418918919,29433.33333,-171.81,-49.98918919,102608.3333,-27.33388864
"(주)오픈베이스","오픈베이스",0,"무","KOSDAQ",7.04053639021596,1074,"BBB-",0,"중견기업",13,0.000436214,1853.579235,1729979.235,3,97,22,4,98.33333333,101.4749,106.2784567,4.49012713,2.81061203,7.458178439,991.7293233,189.7734628,67.82412627,0.823045267,1.491826694,0.078802206,27.3099851,133.0101466,55.17030032,18.45193741,40.23845007,97.40698985,41.30961252,12.19512195,34.05365127,0.003610284,1.063804024,5.509406657,5.730556949,6.120578778,7.39223301,-17.95814727,87.3,50.13888889,39.67592593,44.77056635,20.17511177,58.02253611,16.48813095,473.7593985,15.34,20.77669903,417.9699248,10.38568773
"(주)오픈베이스","오픈베이스",0,"무","KOSDAQ",7.07834157955767,1089,"BBB-",134,"중견기업",13,0.004978059,2226.059783,4919468.348,6,91.33333333,24,4,84.09090909,103.9428722,106.7581837,4.997218617,3.380257945,8.192032686,1429.854369,225.7797581,71.67161227,1.163280789,2.366255144,0.63221782,32.57714916,107.6162216,49.16125769,2.240999265,51.32255694,110.5440158,46.42725937,13.74816446,20.15980896,-0.003262487,1.089548126,4.348607038,3.908731466,5.350924673,7.551241248,3.034645537,92.3,28.65068003,24.83894059,29.38693098,14.70426157,37.63717421,25.77766225,363.8178415,24.58,25.52514322,280.2869619,12.25740552
"(주)오픈베이스","오픈베이스",1,"무","KOSDAQ",7.35627987655075,1126,"BBB+",137,"중견기업",13,0.00111666,4035.320856,4843477.93,5,95.33333333,25,4,111.2979153,132.0070808,111.355094,6.275395034,3.524904215,10.33320854,1418.26484,256.5881604,72.96144964,0.913154534,2.538611752,-0.140485313,35.79293198,94.29738852,35.9706258,10.3977979,39.61108151,79.25031089,49.98224116,16.61068189,27.57947079,-0.002501263,1.390516782,5.988527725,7.134396355,8.782950084,9.968173138,4.527458493,97.6,60.36763058,52.2976911,45.23009741,23.91227135,55.13935736,13.98977317,429.6720061,30.48,35.13685551,291.2280702,12.2051666
"코나아이(주)","코나아이",0,"유","KOSDAQ",7.4489161025442,2554,"BBB0",0,"중견기업",11,0.000962321,35061.1413,97255.92935,15,81.53846154,16,4,86.75036214,124.4061414,129.8531052,10.98788981,12.44615205,17.29563564,447.7507684,2531.144465,97.96663564,1.973454418,2.928725702,1.100244499,52.81888654,67.6022052,67.3826988,4.776446637,40.54106961,74.13904203,54.68248375,44.20496894,29.53958187,-0.032988515,0.672539347,6.869826035,5.275798526,7.031518625,33.61643836,-8.900919781,362.3,52.00386287,46.94350555,33.44720497,21.08292225,65.18358531,20.80105056,325.1404494,51.63,418.3953033,91.62921348,22.50535938
"코나아이(주)","코나아이",1,"유","KOSDAQ",7.66949525100769,3065,"A+",207,"중견기업",11,5.13e-05,38061.74863,109469.6284,30,87.33333333,17,4,110.1739057,124.7001979,128.9754421,10.48135955,12.13762196,16.25965417,453.2112166,2203.984576,96.35283668,1.610569068,2.729646333,0.401475188,55.9390598,55.25147108,59.00284767,2.401070042,38.83143575,66.07638503,58.76749421,36.647343,22.40237497,-0.003628854,0.698822301,5.471519796,4.683209445,4.872838944,32.67887109,7.520657299,442.7,68.54574477,53.94438377,39.41545894,26.61729684,54.33183005,23.08296669,374.1563055,51.53,396.6437834,58.37773831,20.54344767
"코나아이(주)","코나아이",1,"유","KOSDAQ",7.68109900153636,2898,"BBB+",192,"중견기업",11,0.001068505,37078.34225,250319.0909,68,89.53333333,18,4,170.9665145,101.1717474,116.9201732,10.98982175,13.48744924,14.96058962,389.3629344,2502.956298,94.28829171,1.633444075,4.468568543,-0.161498708,67.18534364,37.12372994,36.554079,0.131106818,27.20121446,37.43234261,72.66767872,36.31166131,18.97598675,0.00022875,0.747722882,5.728029602,7.240895423,14.21114754,27.85604113,16.03451458,505.7,128.1836631,117.7955353,47.75089775,34.86751311,69.4269124,15.02713525,385.311284,62.24,375.7069409,-255.3988327,18.97328283
"코나아이(주)","코나아이",1,"유","KOSDAQ",7.07242190053737,2534,"BB-",198,"중견기업",11,-0.002251355,16721.23656,182652.7527,61,88.30357143,19,4,184.4231633,54.40199336,88.40565948,0.474954438,-0.356234097,-0.211682879,3481.793478,2407.840617,103.3029001,1.450381679,2.545779366,-2.875318066,73.93535146,44.10311493,56.97201018,0.138137901,26.37644551,35.8915145,73.48936338,28.02919708,21.11536488,-0.001830624,0.465327387,4.155066079,4.395973154,9.439551641,15.15424165,17.76929601,51.5,139.6079605,132.5751908,54.48175182,36.82361763,79.64865267,19.62609749,371.9269103,73.28,-5.398457584,-322.923588,-4.949347311
"(주)액토즈소프트","액토즈소프트",0,"유","KOSDAQ",7.23993259132047,2320,"AA-",0,"중견기업",8,-0.003726136,47477.17391,94205.16848,129,89.22222222,18,4,323.5239852,167.956134,193.0663964,7.818983969,10.82011911,10.4320155,458.4760573,3263.362832,96.80772866,2.023390974,6.783738273,-0.746215111,79.46386243,66.58615982,29.827079,3.896047925,14.01542904,17.07445133,82.08421325,0,1.49980606,-0.017968067,0.600655088,5.210093458,4.308191654,5.513053797,26.95744681,-23.61340317,223.9,207.8720787,29.85854859,64.25244749,29.13416369,8.371421698,28.19459282,2335.393258,77.87,291.6827853,-2267.41573,16.10459687
"(주)액토즈소프트","액토즈소프트",0,"유","KOSDAQ",6.93537044601511,1613,"B+",169,"중견기업",8,0.001069225,31577.56757,283196.827,144,89.37373737,19,4,269.0126751,73.78201909,64.85876299,-33.96811675,-67.12049013,-43.96318354,-316.3024321,2069.611307,94.82716749,2.158903044,5.880794702,-2.003306428,72.63144841,65.27159394,36.71107653,4.817708333,18.58878968,24.26940824,76.59350198,0,0,0.001355121,0.637586806,3.321918915,3.478687415,4.015228426,18.18390805,-1.205873772,-635.3,154.5363576,17.74516344,57.44575325,28.72643849,0,18.07382511,1463.178295,16.62,-1220.512821,943.7984496,-39.88662059
"(주)액토즈소프트","액토즈소프트",0,"유","KOSDAQ",6.91572344863131,1493,"BBB0",35,"중견기업",8,0.00035893,36864.32432,205524.5514,28,79.11111111,20,4,264.4297905,97.97724399,94.92430988,-3.42551753,-6.987593052,-5.847418913,1020.102652,1947.266314,94.15828074,1.70719603,5.363267852,-1.310173697,73.93691823,69.21371312,31.83126551,4.212147593,17.26377821,21.98533174,78.5240742,0,0,-0.00451707,0.674680238,3.801886792,4.298208191,5.454791554,17.78464254,11.91066998,43.2,146.1598138,68.23118697,55.27358075,25.23270609,0,22.27462362,541.722973,9.45,-124.2718447,432.9391892,3.206113211
"(주)액토즈소프트","액토즈소프트",0,"유","KOSDAQ",6.58479139238572,1477,"BB+",35,"중견기업",8,-0.002715011,18656.95187,53512.82888,19,85.05263158,21,4,263.0956646,71.85111663,98.47347774,-0.706904097,-3.121978174,-1.94216474,1403.527337,1912.522046,93.91183857,1.671501589,3.749612643,-1.864898467,73.39921484,64.3457175,44.57798038,2.951130364,18.89129552,24.17078029,78.15757412,0,0,-0.000356944,0.489982402,4.090986154,6.057740586,3.186179577,12.76719577,48.39066169,40.5,209.5306342,191.6159083,79.64047392,39.58305131,0,16.74406262,825.3196931,6.09,-39.85890653,710.9974425,4.924161045
"(주)안랩","안랩",1,"유","KOSDAQ",7.22475340576797,1840,"AA-",0,"중견기업",14,0.00070566,56806.8306,284282.8306,124,60.40697674,19,4,257.7930669,104.2986254,102.2740193,3.670570375,4.68943421,4.525014053,1074.446203,3026.254826,111.3187882,0.240297095,0.823353293,-1.201485473,85.20028262,56.85102835,29.1851744,1.24463286,20.53915974,26.25764314,78.22164248,4.649114221,0,0.002402971,0.746399261,5.697158266,6.111704495,5.510834671,26.51158301,20.10485691,138.1,190.0502779,88.27732204,70.29460703,39.03473015,0,18.48489359,55.80618212,90.05,124.3243243,-72.29184071,4.201798763
"(주)안랩","안랩",1,"유","KOSDAQ",7.21081845347222,1881,"AA-",876,"중견기업",14,-0.000748732,40293.40659,82394.35165,92,86.55681818,20,4,260.6312769,98.60918954,105.4544191,4.864153073,6.675527987,6.11451182,992.1356978,3205.598456,110.5488568,0.007384434,0.027510316,-1.462117856,88.26812673,62.10054688,26.84241619,0.797363385,18.52540931,22.96237728,80.6772273,3.238521359,0,-0.002329127,0.719859664,6.21620381,6.418009479,5.934268186,26.14285714,-4.600502141,168,194.8063128,73.17073171,72.32342601,36.08866681,0,18.04014168,52.58209171,106.09,174.5173745,-91.47982063,5.871013562
"(주)안랩","안랩",1,"유","KOSDAQ",7.20414929203594,1946,"AA-",900,"중견기업",14,0.002636117,50171.23656,228737.4462,205,77.38297872,21,4,359.5871129,99.28370994,106.3121829,6.270739163,8.865749349,7.61369443,779.1510612,3371.428571,109.8543539,0.059501673,0.240529164,-1.286723689,89.73845126,47.28850325,24.73782075,0.66286419,16.42772725,19.81406879,82.90940856,2.831544248,0,0.000521172,0.690868917,6.824873096,7.346994536,7.087506589,25.95559846,11.70695426,204.3,298.3421958,121.3012199,80.61871355,49.0108422,0,16.07680417,50.29487373,92.16,230.1158301,-114.5924694,7.671180378
"(주)안랩","안랩",1,"유","KOSDAQ",7.26473017792987,2146,"AA-",971,"중견기업",14,-0.001187423,60074.19355,196181.6667,109,90.15625,22,4,318.2082324,106.2699888,106.6129532,7.15525036,10.23236282,8.771035186,715.5579989,3537.258687,109.0396466,0.01399776,0.046970409,-1.021836506,85.38210624,45.27380537,29.8012318,0.596458527,19.24510718,24.00883618,80.1584343,3.876535986,0,-0.000455039,0.665796831,7.376355188,6.990215264,5.173062998,27.58301158,-3.89137738,228.3,262.7118644,69.85472155,79.35927443,50.55917987,0,16.73542461,64.27169811,87.3,282.2393822,-115.8943396,8.891021988
"(주)엠게임","엠게임",0,"유","KOSDAQ",5.76519110278484,590,"B-",0,"중소기업",0,-0.002689722,3413.532609,92523.38043,183,81.53535354,15,4,40.66005177,70.98065377,13.52225474,-74.8187585,-213.5338346,-184.9409849,-187.4591652,41.22562674,33.71298405,6.610275689,4.205700618,6.610275689,5.020352782,456.833713,157.1741855,6.478968792,78.62957938,528.0182232,14.89145183,0,49.98303935,0.014957549,0.541383989,4.547008547,5.955223881,6.320792079,4.918335901,-20.08145363,-461.3,15.59534081,5.67299396,38.35543767,12.26255088,58.74028304,6.200614574,392.5665102,-270.5,-1050.231125,791.5492958,-153.7647538
"(주)엠게임","엠게임",0,"유","KOSDAQ",5.7268477475872,405,"BB0",73,"중소기업",0,0.000482186,4510.43956,1232188.973,189,82.25773196,16,4,59.72155545,96.27192982,199.8861048,-10.74230537,-26.48877319,-61.83061147,2255.665025,103.1425365,52.36467236,9.111617312,12.22173723,8.656036446,22.7137914,159.7150997,74.55255451,5.140879881,51.48294612,118.6894587,43.376174,0,30.00494315,0.025013416,0.759515571,6.049212598,6.402083333,6.844097996,3.819763828,40.18874064,0,9.121459434,9.121459434,15.2733119,4.695996045,52.98996072,12.40563664,267.016317,-128.7,-101.1808577,453.6130536,-22.10406381
"(주)엠게임","엠게임",0,"유","KOSDAQ",5.62762111369064,367,"BB0",75,"중소기업",0,4.84e-05,6223.010753,548412.3602,85,94.5060241,17,4,68.76456876,90.4978848,127.8632479,3.757937022,5.213951816,7.251812953,272.4648986,156.0209424,66.39928699,0,0,-0.107874865,40.58839553,124.1532977,51.27651924,3.786434214,35.05856715,57.35294118,61.1277581,0,12.25824026,-0.091116173,0.757559248,7.768156425,11.78389831,7.516216216,3.013001083,23.69651205,60.3,39.16083916,38.69463869,56.94915254,13.72922909,31.55680224,7.322303922,173.2685298,-163.16,15.70964247,348.7241798,2.800700175
"(주)엠게임","엠게임",0,"유","KOSDAQ",5.72031177660741,391,"BBB+",113,"중소기업",0,-7.82e-06,5452.930108,677971.2258,98,85.79591837,18,4,133.1887202,109.6727796,120.9893048,9.870678279,12.26229508,15.08368623,300.9727626,183.2460733,64.45672192,0,0,-0.163934426,44.79140005,98.71086556,39.1147541,6.936268236,23.59866906,33.95948435,69.49065779,0,13.84694139,0,0.780650115,10.75837743,9.214501511,14.80582524,3.193717277,0.196721311,84.9,90.56399132,75.70498915,67.99674267,21.3718966,45.34786253,11.60374091,114.1626794,-88.84,39.16230366,218.5645933,12.09921355
"(주)케이티씨에스","케이티씨에스",0,"무","KOSPI",8.2845042272585,1801,"AA-",0,"대기업",11,0.001409465,3118.486486,135193.7676,1,100,13,4,222.8483421,103.1366322,100.171205,6.970049272,3.164908384,10.21463772,1700.791209,479.0687919,96.1829576,0.012619252,0.087351502,-0.583009439,63.41124868,40.08301457,14.44651961,1.138193326,30.64238521,44.91739237,68.21942146,6.014060828,0.099938926,-0.00036838,2.199877852,8.55304911,8.731159101,7.985086659,16.61996644,3.634344556,188.7,135.9485414,59.84779851,57.33608436,41.65787574,0.314465409,12.57863291,431.0240964,79.02,52.60067114,-347.5903614,13.99421659
"(주)케이티씨에스","케이티씨에스",0,"무","KOSPI",9.27406606285673,3470,"A0",9820,"대기업",11,-0.000191123,3780.775401,263681.4278,1,100,15,4,139.7152314,179.2157786,103.4639371,4.186003627,1.269409392,9.015492254,5369.90835,510.738255,83.12913582,0.008443965,0.046303442,-0.136041657,35.08933718,41.09283889,18.23614955,1.16426513,54.85014409,124.7002555,43.98559078,6.458421275,0.054755043,-0.003244802,3.071613833,5.923692547,5.564924555,5.906295024,44.70847315,3.884223859,200.5,33.96206589,24.98817843,22.73814549,18.62824207,0.097751711,18.37379495,1046.124865,38.44,56.7533557,458.0193757,10.56138597
"(주)게임빌","게임빌",0,"유","KOSDAQ",6.69950034016168,1792,"AA0",0,"중견기업",16,-0.003924388,65517.3913,216139.4457,665,83.8556701,14,4,551.1245675,115.6441281,183.4728955,10.05634713,17.22058099,10.87531095,356.916996,5040.490798,98.67883738,0.024618415,0.157232704,-2.412604628,91.67085077,69.38505885,15.65731167,0.647140865,6.449093445,6.942109056,92.89818689,0,0,-0.000323211,0.453221757,8.840043526,8.878688525,7.819056785,26.90066225,-76.79714426,157.2,374.7404844,89.35986159,67.99560509,24.16736402,0,15.84214235,73.9965096,138.86,463.2450331,-440.6631763,8.652052239
"(주)게임빌","게임빌",0,"유","KOSDAQ",7.27931883541462,2264,"A0",239,"중견기업",16,0.003785578,126495.6522,395640.3804,659,84.16161616,15,4,242.9886686,178.4711965,116.2983425,11.3189874,15.81488379,12.73252263,274.9527053,5756.748466,96.90695033,0.020691082,0.091519219,-0.5793503,82.8784667,81.49333884,22.60845576,2.000529942,12.47129482,14.58225756,85.52375905,0,4.221868928,-3.93e-05,0.640302067,12.87655417,10.84442782,9.067542214,44.47546012,15.2148424,326,163.8101983,143.98017,67.41474789,20.42925278,29.16412447,10.66637819,143.2692308,162.78,703.3742331,-344.9300699,4.519962241
"(주)게임빌","게임빌",0,"유","KOSDAQ",7.32843735289516,3319,"BBB-",286,"중견기업",16,-0.001562053,89247.87234,130156.1649,470,91.40206186,16,4,164.1299375,105.041727,109.6819168,7.385651349,13.15824032,9.87021942,263.1238155,6372.392638,97.80142178,0.380827315,0.485193241,0.091923835,62.58359945,105.6117885,78.48982272,16.25594987,19.75356992,30.86954475,63.99048021,0,29.27035006,0.003601362,0.458817859,11.36991415,11.34873323,11.43393393,46.71779141,-31.14248194,333.3,128.4733872,124.8894311,78.27541349,25.37808038,81.27823323,8.510502864,506.5254237,122.43,614.7239264,-51.77966102,-0.36446918
"(주)게임빌","게임빌",0,"유","KOSDAQ",7.38709023565676,3255,"BB0",352,"중견기업",16,-0.00305353,72507.21925,60857.75936,232,88.04,17,4,136.8045977,106.0275772,110.4703168,9.299707958,18.12608373,13.09443923,221.578814,7278.527607,101.1208182,0.805053257,1.430930105,0.56353728,72.89708141,113.3603239,56.26083726,14.546851,13.3640553,18.53824846,72.0890937,0,10.50691244,0.004242259,0.49609831,12.54700855,13.10714286,11.20610687,49.53374233,-4.105771613,415.6,82.85057471,72.50574713,60.56125021,11.07219662,37.6444689,6.801128519,354.467421,270.9,897.8527607,-274.5220445,-0.912629177
"(주)아프리카티비","아프리카티비",1,"유","KOSDAQ",5.90536184805457,577,"BBB+",0,"중소기업",0,0.000660064,10474.97326,448090.9519,6,99.4,18,4,152.8325123,79.23509075,115.3414406,3.584542752,0.490864467,0.521285838,1880.582524,644.4444444,88.91592322,5.099536406,9.033816425,4.499590946,55.29554516,88.86185456,56.44941369,7.730975906,28.15045935,43.90375777,64.11856474,0,16.39798925,0.028523454,0.635638759,2.605328597,2.34313099,4.955405405,7.647549531,3.790564494,30.4,28.57142857,25.92364532,18.69460113,8.042988386,45.70048309,41.95728575,180.4707934,11.97,3.753910323,154.5771578,6.747755575
"(주)아프리카티비","아프리카티비",1,"유","KOSDAQ",6.22455842927536,622,"A-",291,"중소기업",0,0.001416691,27469.29348,712473.3424,1,100,19,4,196.1087091,137.6056722,116.0854285,5.953472859,5.449861276,6.881020893,1036.11691,718.0232558,88.84489986,1.625049544,4.248704663,1.070154578,59.52763496,71.00605496,38.24811732,5.01285347,26.0122108,37.70377271,68.99100257,0,9.832904884,-0.034744869,0.810732648,3.119629057,3.021556886,5.545054945,9.982195846,18.03408641,67.9,83.07597282,74.2433601,42.36220472,21.60989717,31.70984456,34.17669017,166.9550173,15.91,54.40158259,123.2698962,10.20893282
"(주)아프리카티비","아프리카티비",0,"유","KOSDAQ",6.44413125670044,680,"A-",324,"중소기업",0,0.00130533,28501.62162,329943.8108,124,77.59259259,20,4,197.9776477,124.5937376,111.970191,8.16702487,6.585016701,9.09690178,940.1244168,780.2325581,86.85524126,1.876888818,5.908863295,1.876888818,59.17107584,64.14309484,31.76395737,1.734273956,27.61610817,39.08069884,70.66431511,0,1.734273956,0.002518393,0.924015285,3.516219239,3.298530955,4.667409057,12.18410853,17.416892,80,92.70888771,91.16551357,46.82795699,25.60258671,5.908863295,32.75004289,168.2392586,22.82,80.23255814,96.71440607,13.09602285
"(주)아프리카티비","아프리카티비",0,"유","KOSDAQ",6.68210859744981,834,"A0",355,"중소기업",0,0.000928574,27797.84946,119494.2742,14,66.55555556,21,4,192.2281776,126.9763003,119.1763727,15.72588631,12.58925216,19.07382805,475.5936675,967.2794118,95.32286213,2.329951146,7.120980092,1.916572717,63.07083783,57.97556719,32.719529,0,31.30768309,45.58464223,68.68033082,0,0,0.004530623,0.956850054,3.793300071,3.466348241,3.871483996,15.06226415,3.407240386,154,99.19601838,63.39969372,51.60326628,31.05597507,0,34.33654559,216.7634855,33.3,189.6226415,78.00829876,27.27272727
"(주)로지시스","로지시스",0,"무","KOSDAQ",5.76832099579377,167,"A+",285,"중소기업",0,0,0,0,2,86,19,4,347.1751412,100.1563477,96.32414369,10.54852321,5.463627849,14.89361702,1230.120482,186.0335196,68.95056375,0,0,-0.718076803,39.88023952,37.12055507,16.1411177,9.700598802,21.19760479,30.70251518,69.04191617,0.966962127,0,-0.002501563,1.917964072,8.668470907,7.346330275,10.07232704,8.946927374,21.7608492,24.3,205.3672316,205.3672316,58.58178888,43.53293413,0,15.02986065,492.3809524,63.9,48.88268156,-262.8571429,16.25531915
"(주)로지시스","로지시스",0,"무","KOSDAQ",5.84643877505772,218,"A+",437,"중소기업",0,0.002966517,5877.8125,1392904.516,37,81.52777778,20,4,422.6130653,107.9300656,137.2072853,0,0,0,6580.769231,210.4925054,70.48040455,0,0,-0.404975412,45.00915751,30.72060683,17.44286954,9.386446886,18.22344322,25.15802781,72.43589744,0.942285041,0,0,1.582875458,9.683473389,12.4352518,11.04472843,8.380606061,5.929997107,9.2,352.2613065,331.4070352,82.56772674,64.19413919,0,8.568075117,579.8076923,41.4,0,-96.15384615,0
"(주)로지시스","로지시스",0,"무","KOSDAQ",5.88332238848828,241,"A+",433,"중소기업",0,0.001229969,4924.090909,494486.5829,4,97,21,4,307.1202532,103.9629737,103.3501896,2.524483134,1.613800779,3.605843954,3494.117647,234.6895075,70.4587156,0,0,-0.445186422,45.45831605,27.1559633,21.59154146,5.972625467,26.21318955,38.65443425,67.81418499,1.271617497,0,0,1.490667773,8.776556777,6.643253235,6.122657581,7.695931478,2.44852532,8.4,215.1898734,213.7658228,69.17599186,56.40812941,0,15.69456185,871.9101124,37.64,12.41970021,40.4494382,3.543674231
"(주)웹젠","웹젠",0,"유","KOSDAQ",6.58063913728495,1576,"A+",0,"중견기업",4,-0.001558822,8232.934783,130811.6522,138,85.46938776,14,4,243.5433562,125.881942,103.2394142,1.667824878,2.497225305,1.409829646,796.7021277,859.7395243,117.0534269,1.165371809,3.017241379,-2.344617092,96.36329018,91.36535348,38.62375139,7.495557248,10.17390201,12.35833783,82.32419396,0,0,-0.032530704,0.457476517,8.435342305,7.370143149,15.56803456,4.081540204,-16.56492786,109.5,170.7423581,71.99001871,70.10758197,17.37116019,0,15.39327424,97.03729522,9.07,10.19252548,84.69850122,2.647346779
"(주)웹젠","웹젠",0,"유","KOSDAQ",6.59987049921284,1603,"AA+",210,"중견기업",4,0.010880274,9899.675676,692273.9784,285,88.81818182,15,4,523.0331754,101.9284129,107.5476062,6.932779718,11.44684905,6.247910553,397.6705491,909.2865232,115.1111111,3.552470396,12.51798561,-0.966380836,100.1434362,75.390681,28.37893018,6.423448706,6.579357655,7.562724014,86.99719364,0,0,0.023870986,0.45818522,6.510412051,5.744331509,14.29377432,4.160249151,19.35483871,181.9,391.2796209,273.2701422,74.80971366,25.74368569,0,19.32849365,67.8931944,19.95,47.62174405,32.04168023,7.904609784
"(주)웹젠","웹젠",0,"유","KOSDAQ",7.79234892411304,2777,"BBB+",253,"중견기업",4,-0.000174563,31891.79894,1122073.048,338,90.98989899,16,4,253.4482759,329.685586,143.9856631,29.03130066,24.86995294,35.39781408,253.7870763,1251.132503,110.0019914,1.378911733,4.348958333,-1.110560647,79.57574011,52.61376083,31.70671291,3.21976518,24.43996254,33.78472568,72.34027228,0,0,-0.021735587,0.872361881,10.60275772,7.36231003,6.603598691,13.71574179,-1.403682603,715.1,201.3115237,39.1688771,79.42903657,49.200461,0,18.69184455,246.2327669,41.13,341.1098528,19.42930426,37.11364438
"(주)웹젠","웹젠",0,"유","KOSDAQ",7.69621263934641,3017,"A-",318,"중견기업",4,-0.002077774,18285.13514,201875.7135,178,84.58,17,4,392.3047835,90.82239287,119.3268944,16.96354598,20.40092731,20.37499433,267.5878685,1504.473386,110.8519693,1.936451657,6.8698597,-1.990999591,88.06430229,39.2731976,28.18764489,3.022870401,17.5306596,22.06692256,79.44315545,0.033725188,0,0.005575399,0.729168048,6.992689129,7.32811459,7.732513181,12.45696489,3.131960544,612.6,327.7746266,53.56400076,83.52283677,57.46105403,0,19.09591423,188.6522665,55.64,254.1336353,-162.6711287,23.82984519
"(주)엔텔스","엔텔스",1,"무","KOSDAQ",6.46769872610435,590,"AA0",217,"중소기업",15,-0.001255547,15292.48649,256782.4595,12,77.18181818,15,4,237.2316802,105.6739915,110.617525,8.252506987,7.759155804,11.58882837,747.4002418,1193.333333,93.09355693,0.031036623,0.145772595,-2.808814401,69.73238482,59.57634598,21.29112353,0,22.88279133,29.81023831,76.76151762,0,0,0.000310366,1.091463415,4.007462687,5.488926746,5.642732049,18.67826087,-6.688392303,61.5,131.1621021,93.41228719,55.28861154,30.01355014,0,20.60085837,469.8630137,85.68,144.9275362,-470.5479452,9.224707382
"(주)엔텔스","엔텔스",1,"무","KOSDAQ",6.11589212548303,511,"A-",220,"중소기업",15,0.001755022,16590.5914,164365.2258,13,86.84615385,16,4,261.2040134,70.31346989,92.76257723,-4.883805374,-5.936879276,-6.158424908,-2112.5,1110.724638,92.76879163,0,0,-1.52284264,74.96087637,64.96194101,20.03972633,0.215179969,17.54694836,21.33682207,82.23787167,1.595968081,0,-0.000310366,0.886345853,4.442156863,5.232101617,9.080160321,13.13333333,-13.26418009,-27.6,140.245262,71.34894091,52.8349433,24.60876369,0,17.82477341,330.1818182,101.18,-77.97101449,-545.8181818,-8.333333333
"(주)엔텔스","엔텔스",1,"무","KOSDAQ",6.33682573114644,533,"A-",229,"중소기업",15,6.05e-05,13523.24324,47372.23243,14,88.21428571,17,4,216.5907019,124.6082542,100.4519505,0.555608775,0.513637974,0.688263914,3937.931034,1138.84058,93.03812456,0,0,-0.95642933,73.75633565,68.97939853,19.55366631,0.131406045,20.59320443,25.97679375,79.27538953,1.574150787,0,0,1.059883612,5.790769231,5.208487085,7.219948849,16.36521739,6.854410202,10.1,112.9443938,93.89243391,51.32560066,23.25886991,0,19.24767094,456.1983471,100.99,8.405797101,-551.2396694,1.115462205
"(주)네오디안테크놀로지","네오디안테크놀로지",0,"무","KOSDAQ",5.89989735358249,243,"B+",56,"중소기업",0,0.00119515,2024.891892,594952.573,12,97,18,4,159.2441267,85.86547507,91.35546335,0.607325868,0.4382361,1.15648717,4620,62.86072773,37.92581378,0,0,-0.958641468,20.60032895,60.333081,30.45740893,5.46875,40.25493421,74.11052233,54.31743421,4.648318043,2.014802632,-0.003292568,1.501233553,4.609848485,5.084958217,5.306686047,4.580928482,2.163790742,3.1,81.92032686,42.79877426,49.05198777,32.97697368,4.40647482,19.48717949,494.2222222,-88.01,2.007528231,1133.777778,-1.228767618
"(주)네오디안테크놀로지","네오디안테크놀로지",0,"무","KOSDAQ",6.41017488196617,538,"BB0",52,"중소기업",0,-0.000566349,1541.657754,503388.6952,8,82.375,19,4,141.9232391,166.5297179,223.0885693,3.044646284,1.858552632,5.295220244,1849.848943,92.93729373,47.77740075,0.098684211,0.24620435,-2.1875,26.14670381,27.11231761,40.08223684,1.244196843,44.02971216,80.45469969,54.72609099,26.62450938,18.38440111,0.000986842,1.12906221,7.098657326,6.110552764,5.24137931,5.259515571,-24.0625,22.4,99.07212147,52.34078448,51.22110772,43.62116992,40.62371769,16.71622068,1183.009709,-28.98,9.775086505,1828.15534,2.014995314
"(주)컴투스","컴투스",0,"유","KOSDAQ",6.70196036600254,1183,"AA0",0,"중견기업",15,-0.00372361,30634.51087,337916.375,581,81.36363636,16,4,732.1142857,105.7592304,118.3763028,17.93406191,23.7861094,19.44235117,228.5453993,2080.753968,97.1918443,0.319606638,2.507232401,-8.272894899,88.66999239,50.24096386,12.74738783,1.378202418,7.398325865,8.109360519,91.23192695,0,0,0.003066061,0.687832925,6.563130294,5.728873239,387.3809524,16.14087302,0.49170252,208.8,534.1714286,93.82857143,72.96284733,39.51974296,0,20.55711799,308.6309524,121.64,383.9285714,-2010.416667,13.01180608
"(주)컴투스","컴투스",0,"유","KOSDAQ",7.76089319585102,2497,"A0",554,"중견기업",15,0.009638337,102736.4865,750332.9405,732,89.44210526,17,4,543.0490472,288.494161,195.1621872,43.2329601,33.75090545,49.742527,147.4214528,3672.420635,87.89533669,0.140611019,0.843773971,-0.796795773,74.12791862,36.0243138,16.6645362,2.847530938,12.81989667,15.20087378,84.33657736,0,0,-0.001789956,0.939925508,8.314968999,5.554792899,204.0782609,46.56547619,0.962972432,1042.8,406.5604499,37.67572634,74.86624863,52.12062958,0,31.88863586,1348.62069,90.45,1571.626984,-4073.103448,63.96634012
"(주)컴투스","컴투스",0,"유","KOSDAQ",8.37447688921464,5821,"A0",699,"중견기업",15,-0.001966798,133377.2487,243031.7937,607,93.60204082,18,4,742.2137739,184.7245302,241.7181119,30.30150029,29.022213,34.96991342,176.0986721,7642.923795,96.54820141,0.048439554,0.287120591,-1.176389177,84.4181053,14.64607768,16.87080479,0.815940909,11.74783131,13.43588535,87.43622778,0,0,-0.000921715,0.744704973,7.929218107,6.4609538,187.6753247,75.59372276,-25.00634327,1687.8,639.4794561,124.0532242,86.15839243,75.12496779,0,26.09815319,2163.905325,55.76,2193.897123,-6209.763314,46.05400297
"(주)컴투스","컴투스",0,"유","KOSDAQ",8.54286093816481,7120,"AA0",708,"중견기업",15,-0.001406136,112839.5722,105962.4973,245,89.4040404,19,4,878.9763568,118.3424446,124.7480403,23.74549894,29.58191209,26.53344872,175.1817719,10003.7325,101.3008284,0.36643602,2.441558442,-1.235747003,90.34396551,9.083750669,15.00828379,0.360960126,10.45520302,11.72320388,89.18383685,0,0,0.003179965,0.720585963,7.253640605,6.899542765,55.52489177,79.79004666,4.790956047,1939.5,766.7114455,120.9027405,87.22776665,80.16123822,0,24.68940798,2972.972973,66.45,2360.342146,-13813.89961,33.645399
"(주)알티캐스트","알티캐스트",1,"유","KOSDAQ",6.64768837356333,1100,"AA-",317,"중소기업",11,-0.000913933,10501.24324,54493.06486,37,98,16,4,1120.787208,104.6959826,111.9108133,13.12858125,16.86543946,14.18524778,350.4966022,868.8972667,95.1687829,1.698211045,9.946848899,-0.103707545,83.77862595,19.53133065,17.07285455,4.580152672,7.388222465,8.392691236,88.03162486,0,0.427117412,-0.046264361,0.701017812,1.692037728,1.626053963,10.50953678,7.381818182,29.38812549,181.4,501.4760148,333.8253383,44.74319579,37.05016358,3.568716781,76.95506157,1291.176471,51.21,124.4976077,-3283.333333,17.59799379
"(주)알티캐스트","알티캐스트",0,"유","KOSDAQ",6.44094654063292,1137,"BBB-",328,"중소기업",11,-0.000740226,4714.378378,109753.7189,10,99.2,17,4,630.6475904,81.31967851,99.40125942,4.594824118,0.701418779,0.455580866,1633.014354,814.7031103,92.95877038,7.492427865,27.02702703,6.073648972,76.03131322,31.0935715,27.7219831,3.623889524,11.68088662,13.79167099,84.69522385,0,2.260533028,0.057942168,0.551763568,1.378378378,1.439421753,9.334821429,5.912346843,-15.79786386,4.3,277.7861446,122.2891566,44.04776119,32.4478846,14.7786084,66.21067031,492.6345609,52.51,4.147031103,-753.2577904,2.598881756
"(주)알티캐스트","알티캐스트",0,"유","KOSDAQ",6.4831073514572,1709,"BBB-",335,"중소기업",11,-0.000534913,4603.243243,136738.0757,4,80,18,4,191.600454,104.2882194,103.1363589,0.646430579,0,0,1511.555556,852.4976437,91.07844124,1.406297768,1.284198772,-0.290431061,52.91020766,36.15950055,109.5077958,0.678560983,41.22842937,70.96969087,58.09300965,0,0,-0.060861301,0.382684996,1.995424737,2.974988631,8.333757962,6.165881244,-2.445735249,44.3,34.33598184,12.23041998,17.92061611,14.15618602,0,34.04158446,1760.19656,33.92,0,634.6437346,0
"유비벨록스(주)","유비벨록스",0,"유","KOSDAQ",6.69579891705849,1227,"BBB-",0,"중소기업",13,-0.002135744,20373.6413,34933.05978,24,84.86956522,14,4,99.86449864,92.70809447,99.47826087,2.100460552,-1.409844175,-1.656495205,1676.819923,2184,95.45454545,4.427405392,6.619822485,2.3744744,53.38983051,101.9085082,66.88102894,7.99380704,36.0821382,64.51048951,55.93220339,16.21826449,34.25684485,0.002311201,0.658898305,4.627181688,5.147040102,12.12293853,26.95333333,-9.448429384,44.1,56.82023487,49.84191509,47.66957181,20.50195567,77.73668639,17.43262753,371.4285714,68.57,-38,122.8708791,3.443766347
"유비벨록스(주)","유비벨록스",1,"유","KOSDAQ",6.4281052726846,1108,"BB-",251,"중소기업",13,-0.000241541,13333.06011,122874.694,12,90.1,15,4,105.6061668,76.51496414,96.25582751,-0.8821892,-6.966219492,-6.398931037,-11290.47619,2068.646865,94.86907825,5.3014385,7.334525939,3.200258607,56.5755032,108.5666717,72.28058833,14.60420616,25.76044769,43.19660966,59.63534615,22.83666155,25.95902157,0.008740331,0.558443903,4.898653998,6.478534031,8.162269129,20.52072968,-15.29012445,-3.6,61.66783462,10.47652418,45.05888377,15.88591028,48.45706619,12.43853052,327.8592375,81.62,-142.9519071,94.13489736,-3.459282904
"유비벨록스(주)","유비벨록스",1,"유","KOSDAQ",6.70808408385307,1197,"BB+",247,"중소기업",13,0.000565423,15622.97297,215660.6486,45,95.34883721,16,4,57.82822373,132.3420074,100.1816255,-4.191071196,-8.720078163,-10.79691517,-3556.226415,1902.469136,93.12584983,2.821201759,4.316950103,0.219833903,51.49540518,123.6893791,65.35173425,9.005847953,35.69757728,64.55657954,55.29657477,34.68146973,30.01670844,-0.024802367,0.684043442,8.295845998,8.035328754,11.45174825,26.11802233,-3.199804592,-20,25.86005149,2.784928622,29.20962199,9.231411863,67.14632779,9.938491421,377.8954802,65.4,-227.7511962,203.1779661,-4.702858007
"유비벨록스(주)","유비벨록스",1,"유","KOSDAQ",6.87109129461055,1250,"BBB-",247,"중소기업",13,-0.000859147,11145.64516,56297.86022,6,80.8,17,4,65.52467141,117.7943332,111.1648285,-0.269718022,-3.182996371,-4.392931244,5809.340659,1948.033708,94.25115521,2.840850181,5.329702393,1.575946086,55.48,109.309595,53.30222913,4.008,37.128,63.07420495,58.864,31.77024905,27.584,0.000196484,0.7716,7.511682243,6.226597805,10.22799576,28.36764706,5.899429756,19.7,24.95151907,17.06528765,25.98160197,9.264,62.75043766,13.72567814,311.9538835,51,-90.29411765,174.0291262,-6.195893253
"이지웰페어(주)","이지웰페어",0,"무","KOSDAQ",5.82894561761021,493,"AA0",226,"중소기업",17,-0.000849479,11381.26374,98406.49451,73,94.91428571,12,4,114.4058501,104.267731,91.7337855,8.3728104,11.18963486,16.80300685,603.6437247,428.8888889,100.3696858,0,0,-0.912838634,43.08035714,80.91497227,81.38987044,0.588474026,55.49918831,126.3863216,43.91233766,1.510859301,0,-0.000614062,0.689123377,2.286868687,2.096296296,1.543636364,6.860606061,16.7844523,52.5,43.03473492,37.25776965,37.04752912,23.88392857,0,57.00998967,541.9607843,46.36,76.76767677,253.1372549,18.92549193
"이지웰페어(주)","이지웰페어",0,"무","KOSDAQ",6.0137151560428,595,"BBB+",264,"중소기업",17,-0.000135242,13592.16216,138128.9892,103,92.56565657,13,4,113.4109916,120.5241461,117.5138632,5.716911765,7.598338627,13.21436159,924.5742092,491.9191919,98.54502556,0,0,-0.439775226,40.91061828,80.88871412,83.26410946,0,56.25,131.655525,42.72513441,2.491011813,0,0,0.687668011,2.209446694,1.963069544,1.470186782,8.268686869,9.479599316,49.7,47.13261649,45.51971326,40.5238829,26.51209677,0,56.65501479,629.9445471,43.58,62.82828283,316.2661738,16.31612492
"이지웰페어(주)","이지웰페어",0,"무","KOSDAQ",6.25958146406492,585,"BBB0",269,"중소기업",17,-0.002356753,8962.192513,88693.02674,45,83.90909091,14,4,86.62131519,127.827999,89.93314982,-0.542189088,-0.630733945,-1.366459627,-7548.571429,472.1212121,105.2907739,0.01911315,0.028050491,0.01911315,39.93506494,110.3191955,68.1383792,0.632262474,60.28708134,154.2632269,39.08065619,8.200660859,0,0.000191131,0.894053315,2.672796935,2.859016393,1.865240642,10.56969697,-9.212538226,12.8,27.66439909,23.01587302,29.31811355,16.67805878,0,34.87091875,699.0196078,48.03,-6.666666667,385.4901961,-3.14699793
"(주)이크레더블","이크레더블",1,"유","KOSDAQ",5.54517744447956,384,"AA-",141,"중견기업",10,0.000777159,10619.25926,17263.15873,7,53,15,4,566.8439716,127.1506713,112.3024055,21.45414486,30.46538913,25.21851732,172.9500471,388.6178862,86.04651163,0,0,-2.229174814,62.25579578,19.64504284,22.33085647,0.182339151,14.69132587,17.25826193,85.12633498,0,0,0,0.666058869,17.10367893,11.26431718,7.843558282,4.157723577,15.95619867,101.9,525.177305,34.39716312,92.64935877,77.15550925,0,18.48635236,208.3941606,68.47,126.6666667,-590.5109489,30.62479767
"(주)이크레더블","이크레더블",0,"유","KOSDAQ",5.75257263882563,446,"AA-",157,"중견기업",10,0.001571212,11839.09091,19807.17647,3,100,16,4,542.5742574,123.1912397,114.6572827,23.70798699,31.23809524,28.05416964,168.2094082,452.8455285,87.83026421,0,0,-1.619047619,62.41595697,16.70669869,22.6984127,0.179291797,15.8449126,18.86842808,83.97579561,0,0,0,0.705961452,11.03327496,9.156976744,7.590361446,5.12195122,31.68253968,129.1,493.4936351,97.02970297,90.95411887,78.19363514,0,20.40289256,246.5517241,69.55,160,-673.4482759,34.64005702
